CHANNEL,PLATFORM,MONTH,VIEWS
2016 올림픽,NAVER,2019-11-01,128
2016 올림픽,NAVER,2019-12-01,100
BBC,KAKAO,2019-11-01,163
BBC,KAKAO,2019-12-01,533
BBC,NAVER,2019-10-01,574
BBC,NAVER,2019-11-01,926
BBC,NAVER,2019-12-01,888
CATCH ON,NAVER,2019-01-01,1072
CATCH ON,NAVER,2019-02-01,1742
CATCH ON,NAVER,2019-03-01,735
CATCH ON,NAVER,2019-04-01,693
CATCH ON,NAVER,2019-05-01,4381
CATCH ON,NAVER,2019-06-01,1051
CATCH ON,NAVER,2019-07-01,568
CATCH ON,NAVER,2019-08-01,532
CATCH ON,NAVER,2019-09-01,633
CATCH ON,NAVER,2019-10-01,747
CATCH ON,NAVER,2019-11-01,948
CATCH ON,NAVER,2019-12-01,1314
CATCH ON,YOUTUBE,2019-12-01,431
chCGV,KAKAO,2019-01-01,494
chCGV,KAKAO,2019-02-01,899
chCGV,KAKAO,2019-03-01,596
chCGV,KAKAO,2019-04-01,395
chCGV,KAKAO,2019-05-01,565
chCGV,KAKAO,2019-06-01,466
chCGV,KAKAO,2019-07-01,505
chCGV,KAKAO,2019-08-01,802
chCGV,KAKAO,2019-09-01,451
chCGV,KAKAO,2019-10-01,356
chCGV,KAKAO,2019-11-01,239
chCGV,KAKAO,2019-12-01,256
chCGV,NAVER,2019-01-01,13133
chCGV,NAVER,2019-02-01,13434
chCGV,NAVER,2019-03-01,10388
chCGV,NAVER,2019-04-01,6438
chCGV,NAVER,2019-05-01,5102
chCGV,NAVER,2019-06-01,3617
chCGV,NAVER,2019-07-01,3774
chCGV,NAVER,2019-08-01,3936
chCGV,NAVER,2019-09-01,3440
chCGV,NAVER,2019-10-01,3506
chCGV,NAVER,2019-11-01,2617
chCGV,NAVER,2019-12-01,3125
CJ E&M PLUS,KAKAO,2019-01-01,213
CJ E&M PLUS,KAKAO,2019-02-01,200
CJ E&M PLUS,KAKAO,2019-03-01,243
CJ E&M PLUS,KAKAO,2019-04-01,252
CJ E&M PLUS,KAKAO,2019-05-01,157
CJ E&M PLUS,KAKAO,2019-06-01,174
CJ E&M PLUS,KAKAO,2019-07-01,196
CJ E&M PLUS,KAKAO,2019-08-01,351
CJ E&M PLUS,KAKAO,2019-09-01,385
CJ E&M PLUS,KAKAO,2019-10-01,459
CJ E&M PLUS,KAKAO,2019-11-01,156
CJ E&M PLUS,KAKAO,2019-12-01,215
CJ E&M PLUS,NAVER,2019-01-01,10281
CJ E&M PLUS,NAVER,2019-02-01,7272
CJ E&M PLUS,NAVER,2019-03-01,7569
CJ E&M PLUS,NAVER,2019-04-01,7838
CJ E&M PLUS,NAVER,2019-05-01,6306
CJ E&M PLUS,NAVER,2019-06-01,8567
CJ E&M PLUS,NAVER,2019-07-01,9383
CJ E&M PLUS,NAVER,2019-08-01,5472
CJ E&M PLUS,NAVER,2019-09-01,12575
CJ E&M PLUS,NAVER,2019-10-01,14158
CJ E&M PLUS,NAVER,2019-11-01,10375
CJ E&M PLUS,NAVER,2019-12-01,3517
CJ E&M 웹드라마,KAKAO,2019-01-01,40
CJ E&M 웹드라마,KAKAO,2019-02-01,26
CJ E&M 웹드라마,KAKAO,2019-03-01,4
CJ E&M 웹드라마,KAKAO,2019-04-01,25
CJ E&M 웹드라마,KAKAO,2019-05-01,37
CJ E&M 웹드라마,KAKAO,2019-06-01,46
CJ E&M 웹드라마,KAKAO,2019-07-01,39
CJ E&M 웹드라마,KAKAO,2019-08-01,49
CJ E&M 웹드라마,KAKAO,2019-09-01,22
CJ E&M 웹드라마,KAKAO,2019-10-01,20
CJ E&M 웹드라마,KAKAO,2019-11-01,15
CJ E&M 웹드라마,KAKAO,2019-12-01,21
CJ E&M 웹드라마,NAVER,2019-01-01,4127
CJ E&M 웹드라마,NAVER,2019-02-01,2119
CJ E&M 웹드라마,NAVER,2019-03-01,1216
CJ E&M 웹드라마,NAVER,2019-04-01,1041
CJ E&M 웹드라마,NAVER,2019-05-01,1069
CJ E&M 웹드라마,NAVER,2019-06-01,1585
CJ E&M 웹드라마,NAVER,2019-07-01,2174
CJ E&M 웹드라마,NAVER,2019-08-01,1934
CJ E&M 웹드라마,NAVER,2019-09-01,1075
CJ E&M 웹드라마,NAVER,2019-10-01,887
CJ E&M 웹드라마,NAVER,2019-11-01,509
CJ E&M 웹드라마,NAVER,2019-12-01,555
CJ MUSICAL,KAKAO,2019-01-01,89
CJ MUSICAL,KAKAO,2019-02-01,88
CJ MUSICAL,KAKAO,2019-03-01,92
CJ MUSICAL,KAKAO,2019-04-01,93
CJ MUSICAL,KAKAO,2019-05-01,222
CJ MUSICAL,KAKAO,2019-06-01,124
CJ MUSICAL,KAKAO,2019-07-01,134
CJ MUSICAL,KAKAO,2019-08-01,374
CJ MUSICAL,KAKAO,2019-09-01,262
CJ MUSICAL,KAKAO,2019-10-01,394
CJ MUSICAL,KAKAO,2019-11-01,10255
CJ MUSICAL,KAKAO,2019-12-01,586
CJ MUSICAL,NAVER,2019-01-01,4002
CJ MUSICAL,NAVER,2019-02-01,2950
CJ MUSICAL,NAVER,2019-03-01,2444
CJ MUSICAL,NAVER,2019-04-01,1542
CJ MUSICAL,NAVER,2019-05-01,998
CJ MUSICAL,NAVER,2019-06-01,943
CJ MUSICAL,NAVER,2019-07-01,1051
CJ MUSICAL,NAVER,2019-08-01,845
CJ MUSICAL,NAVER,2019-09-01,862
CJ MUSICAL,NAVER,2019-10-01,1090
CJ MUSICAL,NAVER,2019-11-01,1900
CJ MUSICAL,NAVER,2019-12-01,1301
DIA TV,KAKAO,2019-01-01,329
DIA TV,KAKAO,2019-02-01,401
DIA TV,KAKAO,2019-03-01,357
DIA TV,KAKAO,2019-04-01,263
DIA TV,KAKAO,2019-05-01,360
DIA TV,KAKAO,2019-06-01,200
DIA TV,KAKAO,2019-07-01,407
DIA TV,KAKAO,2019-08-01,481
DIA TV,KAKAO,2019-09-01,308
DIA TV,KAKAO,2019-10-01,218
DIA TV,KAKAO,2019-11-01,106
DIA TV,KAKAO,2019-12-01,190
DIA TV,NAVER,2019-01-01,5943
DIA TV,NAVER,2019-02-01,4479
DIA TV,NAVER,2019-03-01,3705
DIA TV,NAVER,2019-04-01,3014
DIA TV,NAVER,2019-05-01,1826
DIA TV,NAVER,2019-06-01,1385
DIA TV,NAVER,2019-07-01,1300
DIA TV,NAVER,2019-08-01,1465
DIA TV,NAVER,2019-09-01,1100
DIA TV,NAVER,2019-10-01,1048
DIA TV,NAVER,2019-11-01,806
DIA TV,NAVER,2019-12-01,795
eNEWS,KAKAO,2019-01-01,853572
eNEWS,KAKAO,2019-02-01,526862
eNEWS,KAKAO,2019-03-01,933271
eNEWS,KAKAO,2019-04-01,1056046
eNEWS,KAKAO,2019-05-01,1414809
eNEWS,KAKAO,2019-06-01,494610
eNEWS,KAKAO,2019-07-01,886211
eNEWS,KAKAO,2019-08-01,364414
eNEWS,KAKAO,2019-09-01,239538
eNEWS,KAKAO,2019-10-01,641336
eNEWS,KAKAO,2019-11-01,408319
eNEWS,KAKAO,2019-12-01,326701
eNEWS,NAVER,2019-01-01,1248065
eNEWS,NAVER,2019-02-01,706490
eNEWS,NAVER,2019-03-01,1130298
eNEWS,NAVER,2019-04-01,641250
eNEWS,NAVER,2019-05-01,318954
eNEWS,NAVER,2019-06-01,358590
eNEWS,NAVER,2019-07-01,568817
eNEWS,NAVER,2019-08-01,799941
eNEWS,NAVER,2019-09-01,301952
eNEWS,NAVER,2019-10-01,295515
eNEWS,NAVER,2019-11-01,334728
eNEWS,NAVER,2019-12-01,245518
eNEWS,YOUTUBE,2019-12-01,19076
English Gem,KAKAO,2019-01-01,28
English Gem,KAKAO,2019-02-01,14
English Gem,KAKAO,2019-03-01,74
English Gem,KAKAO,2019-04-01,20
English Gem,KAKAO,2019-05-01,5
English Gem,KAKAO,2019-06-01,866
English Gem,KAKAO,2019-07-01,1225
English Gem,KAKAO,2019-08-01,75
English Gem,KAKAO,2019-09-01,46
English Gem,KAKAO,2019-10-01,39
English Gem,KAKAO,2019-11-01,90
English Gem,KAKAO,2019-12-01,39
English Gem,NAVER,2019-01-01,4501
English Gem,NAVER,2019-02-01,4779
English Gem,NAVER,2019-03-01,2235
English Gem,NAVER,2019-04-01,2902
English Gem,NAVER,2019-05-01,2796
English Gem,NAVER,2019-06-01,775
English Gem,NAVER,2019-07-01,420
English Gem,NAVER,2019-08-01,195
English Gem,NAVER,2019-09-01,291
English Gem,NAVER,2019-10-01,279
English Gem,NAVER,2019-11-01,227
English Gem,NAVER,2019-12-01,215
iMBC,KAKAO,2019-01-01,2135
iMBC,KAKAO,2019-02-01,2878
iMBC,KAKAO,2019-03-01,2492
iMBC,KAKAO,2019-04-01,2399
iMBC,KAKAO,2019-05-01,36741
iMBC,KAKAO,2019-06-01,3646
iMBC,KAKAO,2019-07-01,3338
iMBC,KAKAO,2019-08-01,3762
iMBC,KAKAO,2019-09-01,2832
iMBC,KAKAO,2019-10-01,2019
iMBC,KAKAO,2019-11-01,1861
iMBC,KAKAO,2019-12-01,2758
iMBC,NAVER,2019-01-01,353605
iMBC,NAVER,2019-02-01,133485
iMBC,NAVER,2019-03-01,294301
iMBC,NAVER,2019-04-01,41860
iMBC,NAVER,2019-05-01,136213
iMBC,NAVER,2019-06-01,22348
iMBC,NAVER,2019-07-01,62303
iMBC,NAVER,2019-08-01,31835
iMBC,NAVER,2019-09-01,60226
iMBC,NAVER,2019-10-01,2421853
iMBC,NAVER,2019-11-01,304488
iMBC,NAVER,2019-12-01,196535
iMBC Heyo,NAVER,2019-01-01,28
iMBC Heyo,NAVER,2019-02-01,15
iMBC Heyo,NAVER,2019-03-01,1
iMBC Heyo,NAVER,2019-04-01,2
iMBC Heyo,NAVER,2019-05-01,3
iMBC Heyo,NAVER,2019-06-01,3
iMBC Heyo,NAVER,2019-07-01,1
iMBC Heyo,NAVER,2019-11-01,1
JTBC,KAKAO,2019-01-01,36141191
JTBC,KAKAO,2019-02-01,12252218
JTBC,KAKAO,2019-03-01,12145590
JTBC,KAKAO,2019-04-01,9698174
JTBC,KAKAO,2019-05-01,8562671
JTBC,KAKAO,2019-06-01,14140747
JTBC,KAKAO,2019-07-01,15858430
JTBC,KAKAO,2019-08-01,15699020
JTBC,KAKAO,2019-09-01,13177658
JTBC,KAKAO,2019-10-01,9331185
JTBC,KAKAO,2019-11-01,10525171
JTBC,KAKAO,2019-12-01,7865905
JTBC,NAVER,2019-01-01,90368112
JTBC,NAVER,2019-02-01,44756591
JTBC,NAVER,2019-03-01,31808560
JTBC,NAVER,2019-04-01,25173092
JTBC,NAVER,2019-05-01,29649913
JTBC,NAVER,2019-06-01,35611655
JTBC,NAVER,2019-07-01,44931628
JTBC,NAVER,2019-08-01,61536991
JTBC,NAVER,2019-09-01,54683962
JTBC,NAVER,2019-10-01,37171164
JTBC,NAVER,2019-11-01,26524349
JTBC,NAVER,2019-12-01,28032509
JTBC,YOUTUBE,2019-12-01,7163778
JTBC Plus,KAKAO,2019-01-01,2663
JTBC Plus,KAKAO,2019-02-01,1383
JTBC Plus,KAKAO,2019-03-01,1345
JTBC Plus,KAKAO,2019-04-01,1083
JTBC Plus,KAKAO,2019-05-01,1707
JTBC Plus,KAKAO,2019-06-01,660
JTBC Plus,KAKAO,2019-07-01,690
JTBC Plus,KAKAO,2019-08-01,1120
JTBC Plus,KAKAO,2019-09-01,578
JTBC Plus,KAKAO,2019-10-01,551
JTBC Plus,KAKAO,2019-11-01,479
JTBC Plus,KAKAO,2019-12-01,514
JTBC Plus,NAVER,2019-01-01,98955
JTBC Plus,NAVER,2019-02-01,36776
JTBC Plus,NAVER,2019-03-01,25179
JTBC Plus,NAVER,2019-04-01,21704
JTBC Plus,NAVER,2019-05-01,28207
JTBC Plus,NAVER,2019-06-01,17169
JTBC Plus,NAVER,2019-07-01,15463
JTBC Plus,NAVER,2019-08-01,20366
JTBC Plus,NAVER,2019-09-01,14095
JTBC Plus,NAVER,2019-10-01,12337
JTBC Plus,NAVER,2019-11-01,8841
JTBC Plus,NAVER,2019-12-01,9496
JTBC2,KAKAO,2019-01-01,22474
JTBC2,KAKAO,2019-02-01,28819
JTBC2,KAKAO,2019-03-01,9285
JTBC2,KAKAO,2019-04-01,4314
JTBC2,KAKAO,2019-05-01,6485
JTBC2,KAKAO,2019-06-01,1188361
JTBC2,KAKAO,2019-07-01,722594
JTBC2,KAKAO,2019-08-01,901576
JTBC2,KAKAO,2019-09-01,220663
JTBC2,KAKAO,2019-10-01,511651
JTBC2,KAKAO,2019-11-01,41372
JTBC2,KAKAO,2019-12-01,111417
JTBC2,NAVER,2019-01-01,92764
JTBC2,NAVER,2019-02-01,62342
JTBC2,NAVER,2019-03-01,34428
JTBC2,NAVER,2019-04-01,7246
JTBC2,NAVER,2019-05-01,7784
JTBC2,NAVER,2019-06-01,1003711
JTBC2,NAVER,2019-07-01,759451
JTBC2,NAVER,2019-08-01,852452
JTBC2,NAVER,2019-09-01,786105
JTBC2,NAVER,2019-10-01,3368930
JTBC2,NAVER,2019-11-01,593255
JTBC2,NAVER,2019-12-01,427792
JTBC2,YOUTUBE,2019-12-01,5131
JTBC4,KAKAO,2019-01-01,3582
JTBC4,KAKAO,2019-02-01,14180
JTBC4,KAKAO,2019-03-01,59132
JTBC4,KAKAO,2019-04-01,29708
JTBC4,KAKAO,2019-05-01,51835
JTBC4,KAKAO,2019-06-01,4015
JTBC4,KAKAO,2019-07-01,8985
JTBC4,KAKAO,2019-08-01,6179
JTBC4,KAKAO,2019-09-01,779
JTBC4,KAKAO,2019-10-01,3606
JTBC4,KAKAO,2019-11-01,2476
JTBC4,KAKAO,2019-12-01,3734
JTBC4,NAVER,2019-01-01,455370
JTBC4,NAVER,2019-02-01,156422
JTBC4,NAVER,2019-03-01,182252
JTBC4,NAVER,2019-04-01,100704
JTBC4,NAVER,2019-05-01,41361
JTBC4,NAVER,2019-06-01,34002
JTBC4,NAVER,2019-07-01,24833
JTBC4,NAVER,2019-08-01,20358
JTBC4,NAVER,2019-09-01,17921
JTBC4,NAVER,2019-10-01,17381
JTBC4,NAVER,2019-11-01,55603
JTBC4,NAVER,2019-12-01,17262
KBS 1,KAKAO,2019-01-01,918939
KBS 1,KAKAO,2019-02-01,1121305
KBS 1,KAKAO,2019-03-01,969321
KBS 1,KAKAO,2019-04-01,823528
KBS 1,KAKAO,2019-05-01,800163
KBS 1,KAKAO,2019-06-01,837574
KBS 1,KAKAO,2019-07-01,1709510
KBS 1,KAKAO,2019-08-01,1903249
KBS 1,KAKAO,2019-09-01,2063130
KBS 1,KAKAO,2019-10-01,1738371
KBS 1,KAKAO,2019-11-01,668495
KBS 1,KAKAO,2019-12-01,666918
KBS 1,NAVER,2019-01-01,4388341
KBS 1,NAVER,2019-02-01,3926999
KBS 1,NAVER,2019-03-01,4439944
KBS 1,NAVER,2019-04-01,3620347
KBS 1,NAVER,2019-05-01,2538874
KBS 1,NAVER,2019-06-01,3021445
KBS 1,NAVER,2019-07-01,4840806
KBS 1,NAVER,2019-08-01,6753705
KBS 1,NAVER,2019-09-01,7128252
KBS 1,NAVER,2019-10-01,6529368
KBS 1,NAVER,2019-11-01,2686819
KBS 1,NAVER,2019-12-01,2812359
KBS 1,YOUTUBE,2019-12-01,109919
KBS 2,KAKAO,2019-01-01,15186676
KBS 2,KAKAO,2019-02-01,12221891
KBS 2,KAKAO,2019-03-01,20539981
KBS 2,KAKAO,2019-04-01,17189235
KBS 2,KAKAO,2019-05-01,16937363
KBS 2,KAKAO,2019-06-01,15013689
KBS 2,KAKAO,2019-07-01,16863286
KBS 2,KAKAO,2019-08-01,15124811
KBS 2,KAKAO,2019-09-01,17304336
KBS 2,KAKAO,2019-10-01,16507513
KBS 2,KAKAO,2019-11-01,18789304
KBS 2,KAKAO,2019-12-01,16798965
KBS 2,NAVER,2019-01-01,61448927
KBS 2,NAVER,2019-02-01,55064335
KBS 2,NAVER,2019-03-01,74031566
KBS 2,NAVER,2019-04-01,55912290
KBS 2,NAVER,2019-05-01,54713220
KBS 2,NAVER,2019-06-01,52011394
KBS 2,NAVER,2019-07-01,47295793
KBS 2,NAVER,2019-08-01,44375714
KBS 2,NAVER,2019-09-01,46724341
KBS 2,NAVER,2019-10-01,52794379
KBS 2,NAVER,2019-11-01,49967821
KBS 2,NAVER,2019-12-01,43541891
KBS 2,YOUTUBE,2019-12-01,12139411
KBS drama,KAKAO,2019-01-01,534
KBS drama,KAKAO,2019-02-01,169
KBS drama,KAKAO,2019-03-01,258
KBS drama,KAKAO,2019-04-01,145
KBS drama,KAKAO,2019-05-01,151
KBS drama,KAKAO,2019-06-01,121
KBS drama,KAKAO,2019-07-01,282
KBS drama,KAKAO,2019-08-01,160
KBS drama,KAKAO,2019-09-01,178
KBS drama,KAKAO,2019-10-01,147
KBS drama,KAKAO,2019-11-01,135
KBS drama,KAKAO,2019-12-01,63
KBS drama,NAVER,2019-01-01,2450
KBS drama,NAVER,2019-02-01,2461
KBS drama,NAVER,2019-03-01,1722
KBS drama,NAVER,2019-04-01,1244
KBS drama,NAVER,2019-05-01,985
KBS drama,NAVER,2019-06-01,798
KBS drama,NAVER,2019-07-01,531
KBS drama,NAVER,2019-08-01,1366
KBS drama,NAVER,2019-09-01,595
KBS drama,NAVER,2019-10-01,569
KBS drama,NAVER,2019-11-01,567
KBS drama,NAVER,2019-12-01,778
KBS joy,KAKAO,2019-01-01,441302
KBS joy,KAKAO,2019-02-01,519891
KBS joy,KAKAO,2019-03-01,503443
KBS joy,KAKAO,2019-04-01,411132
KBS joy,KAKAO,2019-05-01,582101
KBS joy,KAKAO,2019-06-01,275632
KBS joy,KAKAO,2019-07-01,522189
KBS joy,KAKAO,2019-08-01,219640
KBS joy,KAKAO,2019-09-01,304259
KBS joy,KAKAO,2019-10-01,269070
KBS joy,KAKAO,2019-11-01,149513
KBS joy,KAKAO,2019-12-01,261397
KBS joy,NAVER,2019-01-01,743673
KBS joy,NAVER,2019-02-01,873368
KBS joy,NAVER,2019-03-01,1092680
KBS joy,NAVER,2019-04-01,934025
KBS joy,NAVER,2019-05-01,1175644
KBS joy,NAVER,2019-06-01,1037133
KBS joy,NAVER,2019-07-01,995042
KBS joy,NAVER,2019-08-01,1227474
KBS joy,NAVER,2019-09-01,962924
KBS joy,NAVER,2019-10-01,939642
KBS joy,NAVER,2019-11-01,552342
KBS joy,NAVER,2019-12-01,1160193
KBS prime,KAKAO,2019-01-01,1620
KBS prime,KAKAO,2019-02-01,1516
KBS prime,KAKAO,2019-03-01,1696
KBS prime,KAKAO,2019-04-01,1261
KBS prime,KAKAO,2019-05-01,37453
KBS prime,KAKAO,2019-06-01,1199
KBS prime,KAKAO,2019-07-01,1235
KBS prime,KAKAO,2019-08-01,1000
KBS prime,KAKAO,2019-09-01,1022
KBS prime,KAKAO,2019-10-01,1702
KBS prime,KAKAO,2019-11-01,1095
KBS prime,KAKAO,2019-12-01,1133
KBS prime,NAVER,2019-01-01,132665
KBS prime,NAVER,2019-02-01,96625
KBS prime,NAVER,2019-03-01,115546
KBS prime,NAVER,2019-04-01,71316
KBS prime,NAVER,2019-05-01,22033
KBS prime,NAVER,2019-06-01,18233
KBS prime,NAVER,2019-07-01,20707
KBS prime,NAVER,2019-08-01,20759
KBS prime,NAVER,2019-09-01,15823
KBS prime,NAVER,2019-10-01,15732
KBS prime,NAVER,2019-11-01,14301
KBS prime,NAVER,2019-12-01,15267
KBS 스포츠,KAKAO,2019-01-01,63920
KBS 스포츠,KAKAO,2019-02-01,97045
KBS 스포츠,KAKAO,2019-03-01,48132
KBS 스포츠,KAKAO,2019-04-01,276564
KBS 스포츠,KAKAO,2019-05-01,52428
KBS 스포츠,KAKAO,2019-06-01,295452
KBS 스포츠,KAKAO,2019-07-01,30351
KBS 스포츠,KAKAO,2019-08-01,139385
KBS 스포츠,KAKAO,2019-09-01,34498
KBS 스포츠,KAKAO,2019-10-01,84535
KBS 스포츠,KAKAO,2019-11-01,177948
KBS 스포츠,KAKAO,2019-12-01,21898
KBS 스포츠,NAVER,2019-01-01,108331
KBS 스포츠,NAVER,2019-02-01,93439
KBS 스포츠,NAVER,2019-03-01,77709
KBS 스포츠,NAVER,2019-04-01,64689
KBS 스포츠,NAVER,2019-05-01,22962
KBS 스포츠,NAVER,2019-06-01,35946
KBS 스포츠,NAVER,2019-07-01,24028
KBS 스포츠,NAVER,2019-08-01,24998
KBS 스포츠,NAVER,2019-09-01,27261
KBS 스포츠,NAVER,2019-10-01,20882
KBS 스포츠,NAVER,2019-11-01,27455
KBS 스포츠,NAVER,2019-12-01,23532
KCON.TV,KAKAO,2019-01-01,16
KCON.TV,KAKAO,2019-02-01,22
KCON.TV,KAKAO,2019-03-01,23
KCON.TV,KAKAO,2019-04-01,25
KCON.TV,KAKAO,2019-05-01,119
KCON.TV,KAKAO,2019-06-01,30
KCON.TV,KAKAO,2019-07-01,92
KCON.TV,KAKAO,2019-08-01,368
KCON.TV,KAKAO,2019-09-01,259
KCON.TV,KAKAO,2019-10-01,35
KCON.TV,KAKAO,2019-11-01,25
KCON.TV,KAKAO,2019-12-01,112
KCON.TV,NAVER,2019-01-01,1052
KCON.TV,NAVER,2019-02-01,900
KCON.TV,NAVER,2019-03-01,639
KCON.TV,NAVER,2019-04-01,612
KCON.TV,NAVER,2019-05-01,454
KCON.TV,NAVER,2019-06-01,540
KCON.TV,NAVER,2019-07-01,690
KCON.TV,NAVER,2019-08-01,484
KCON.TV,NAVER,2019-09-01,368
KCON.TV,NAVER,2019-10-01,332
KCON.TV,NAVER,2019-11-01,268
KCON.TV,NAVER,2019-12-01,232
KNN1,KAKAO,2019-01-01,4875
KNN1,KAKAO,2019-02-01,3466
KNN1,KAKAO,2019-03-01,2141
KNN1,KAKAO,2019-04-01,1662
KNN1,KAKAO,2019-05-01,1143
KNN1,KAKAO,2019-06-01,975
KNN1,KAKAO,2019-07-01,1457
KNN1,KAKAO,2019-08-01,1132
KNN1,KAKAO,2019-09-01,787
KNN1,KAKAO,2019-10-01,955
KNN1,KAKAO,2019-11-01,843
KNN1,KAKAO,2019-12-01,912
KNN1,NAVER,2019-01-01,91908
KNN1,NAVER,2019-02-01,68393
KNN1,NAVER,2019-03-01,80775
KNN1,NAVER,2019-04-01,53341
KNN1,NAVER,2019-05-01,18710
KNN1,NAVER,2019-06-01,13454
KNN1,NAVER,2019-07-01,13963
KNN1,NAVER,2019-08-01,11572
KNN1,NAVER,2019-09-01,10449
KNN1,NAVER,2019-10-01,9424
KNN1,NAVER,2019-11-01,9430
KNN1,NAVER,2019-12-01,8117
KNN2,KAKAO,2019-01-01,32676
KNN2,KAKAO,2019-02-01,147554
KNN2,KAKAO,2019-03-01,22602
KNN2,KAKAO,2019-04-01,211194
KNN2,KAKAO,2019-05-01,179073
KNN2,KAKAO,2019-06-01,42443
KNN2,KAKAO,2019-07-01,153334
KNN2,KAKAO,2019-08-01,98503
KNN2,KAKAO,2019-09-01,30658
KNN2,KAKAO,2019-10-01,169381
KNN2,KAKAO,2019-11-01,107872
KNN2,KAKAO,2019-12-01,180085
KNN2,NAVER,2019-01-01,219288
KNN2,NAVER,2019-02-01,176180
KNN2,NAVER,2019-03-01,241348
KNN2,NAVER,2019-04-01,127168
KNN2,NAVER,2019-05-01,54573
KNN2,NAVER,2019-06-01,49737
KNN2,NAVER,2019-07-01,143858
KNN2,NAVER,2019-08-01,78473
KNN2,NAVER,2019-09-01,123644
KNN2,NAVER,2019-10-01,76186
KNN2,NAVER,2019-11-01,72841
KNN2,NAVER,2019-12-01,59574
M2,KAKAO,2019-01-01,4791
M2,KAKAO,2019-02-01,4948
M2,KAKAO,2019-03-01,14591
M2,KAKAO,2019-04-01,24619
M2,KAKAO,2019-05-01,11874
M2,KAKAO,2019-06-01,8547
M2,KAKAO,2019-07-01,12808
M2,KAKAO,2019-08-01,4465
M2,KAKAO,2019-09-01,5811
M2,KAKAO,2019-10-01,5659
M2,KAKAO,2019-11-01,5048
M2,KAKAO,2019-12-01,3288
M2,NAVER,2019-01-01,1512889
M2,NAVER,2019-02-01,711005
M2,NAVER,2019-03-01,790690
M2,NAVER,2019-04-01,1153084
M2,NAVER,2019-05-01,1236025
M2,NAVER,2019-06-01,4285949
M2,NAVER,2019-07-01,16285280
M2,NAVER,2019-08-01,1164066
M2,NAVER,2019-09-01,1611751
M2,NAVER,2019-10-01,1318328
M2,NAVER,2019-11-01,872976
M2,NAVER,2019-12-01,227781
MBC,KAKAO,2019-01-01,9546184
MBC,KAKAO,2019-02-01,8221506
MBC,KAKAO,2019-03-01,9290692
MBC,KAKAO,2019-04-01,8638623
MBC,KAKAO,2019-05-01,8999354
MBC,KAKAO,2019-06-01,10985284
MBC,KAKAO,2019-07-01,10869622
MBC,KAKAO,2019-08-01,11388779
MBC,KAKAO,2019-09-01,10854068
MBC,KAKAO,2019-10-01,10291039
MBC,KAKAO,2019-11-01,12172809
MBC,KAKAO,2019-12-01,11643084
MBC,NAVER,2019-01-01,76347515
MBC,NAVER,2019-02-01,49431014
MBC,NAVER,2019-03-01,50930840
MBC,NAVER,2019-04-01,40510993
MBC,NAVER,2019-05-01,42858274
MBC,NAVER,2019-06-01,50381007
MBC,NAVER,2019-07-01,38733722
MBC,NAVER,2019-08-01,37837744
MBC,NAVER,2019-09-01,31519984
MBC,NAVER,2019-10-01,43279638
MBC,NAVER,2019-11-01,39386411
MBC,NAVER,2019-12-01,37255616
MBC,YOUTUBE,2019-12-01,18578483
MBC PLUS,KAKAO,2019-01-01,4049631
MBC PLUS,KAKAO,2019-02-01,3919925
MBC PLUS,KAKAO,2019-03-01,2805552
MBC PLUS,KAKAO,2019-04-01,2699309
MBC PLUS,KAKAO,2019-05-01,3581029
MBC PLUS,KAKAO,2019-06-01,2935711
MBC PLUS,KAKAO,2019-07-01,3032749
MBC PLUS,KAKAO,2019-08-01,3995164
MBC PLUS,KAKAO,2019-09-01,2030658
MBC PLUS,KAKAO,2019-10-01,2041113
MBC PLUS,KAKAO,2019-11-01,2395767
MBC PLUS,KAKAO,2019-12-01,2752035
MBC PLUS,NAVER,2019-01-01,13945739
MBC PLUS,NAVER,2019-02-01,12104933
MBC PLUS,NAVER,2019-03-01,17959496
MBC PLUS,NAVER,2019-04-01,37663586
MBC PLUS,NAVER,2019-05-01,46949564
MBC PLUS,NAVER,2019-06-01,40816336
MBC PLUS,NAVER,2019-07-01,38105409
MBC PLUS,NAVER,2019-08-01,32795351
MBC PLUS,NAVER,2019-09-01,28773920
MBC PLUS,NAVER,2019-10-01,23872796
MBC PLUS,NAVER,2019-11-01,5091524
MBC PLUS,NAVER,2019-12-01,6113297
MBC PLUS,YOUTUBE,2019-12-01,1156778
MBC TVPP,KAKAO,2019-01-01,214417
MBC TVPP,KAKAO,2019-02-01,160287
MBC TVPP,KAKAO,2019-03-01,140824
MBC TVPP,KAKAO,2019-04-01,114961
MBC TVPP,KAKAO,2019-05-01,116812
MBC TVPP,KAKAO,2019-06-01,99066
MBC TVPP,KAKAO,2019-07-01,95691
MBC TVPP,KAKAO,2019-08-01,71069
MBC TVPP,KAKAO,2019-09-01,70438
MBC TVPP,KAKAO,2019-10-01,67756
MBC TVPP,KAKAO,2019-11-01,41359
MBC TVPP,KAKAO,2019-12-01,46780
MBC TVPP,NAVER,2019-01-01,1418509
MBC TVPP,NAVER,2019-02-01,1145889
MBC TVPP,NAVER,2019-03-01,1586902
MBC TVPP,NAVER,2019-04-01,806950
MBC TVPP,NAVER,2019-05-01,511759
MBC TVPP,NAVER,2019-06-01,447150
MBC TVPP,NAVER,2019-07-01,595200
MBC TVPP,NAVER,2019-08-01,665165
MBC TVPP,NAVER,2019-09-01,570853
MBC TVPP,NAVER,2019-10-01,582051
MBC TVPP,NAVER,2019-11-01,394389
MBC TVPP,NAVER,2019-12-01,407160
MBC 스페셜,KAKAO,2019-01-01,14941
MBC 스페셜,KAKAO,2019-02-01,14077
MBC 스페셜,KAKAO,2019-03-01,15204
MBC 스페셜,KAKAO,2019-04-01,9632
MBC 스페셜,KAKAO,2019-05-01,4523
MBC 스페셜,KAKAO,2019-06-01,3380
MBC 스페셜,KAKAO,2019-07-01,3108
MBC 스페셜,KAKAO,2019-08-01,3490
MBC 스페셜,KAKAO,2019-09-01,3549
MBC 스페셜,KAKAO,2019-10-01,3074
MBC 스페셜,KAKAO,2019-11-01,3187
MBC 스페셜,KAKAO,2019-12-01,3662
MBC 스페셜,NAVER,2019-01-01,211675
MBC 스페셜,NAVER,2019-02-01,122042
MBC 스페셜,NAVER,2019-03-01,120143
MBC 스페셜,NAVER,2019-04-01,92183
MBC 스페셜,NAVER,2019-05-01,55284
MBC 스페셜,NAVER,2019-06-01,41666
MBC 스페셜,NAVER,2019-07-01,45951
MBC 스페셜,NAVER,2019-08-01,46071
MBC 스페셜,NAVER,2019-09-01,42633
MBC 스페셜,NAVER,2019-10-01,37077
MBC 스페셜,NAVER,2019-11-01,32952
MBC 스페셜,NAVER,2019-12-01,43609
MBN,KAKAO,2019-01-01,1775900
MBN,KAKAO,2019-02-01,2081642
MBN,KAKAO,2019-03-01,2963082
MBN,KAKAO,2019-04-01,2245211
MBN,KAKAO,2019-05-01,3409952
MBN,KAKAO,2019-06-01,1840641
MBN,KAKAO,2019-07-01,3842216
MBN,KAKAO,2019-08-01,4555939
MBN,KAKAO,2019-09-01,3788038
MBN,KAKAO,2019-10-01,4104942
MBN,KAKAO,2019-11-01,4670465
MBN,KAKAO,2019-12-01,6825958
MBN,NAVER,2019-01-01,4768772
MBN,NAVER,2019-02-01,4819930
MBN,NAVER,2019-03-01,4758962
MBN,NAVER,2019-04-01,3053339
MBN,NAVER,2019-05-01,2832948
MBN,NAVER,2019-06-01,2356295
MBN,NAVER,2019-07-01,2896572
MBN,NAVER,2019-08-01,5471216
MBN,NAVER,2019-09-01,7149131
MBN,NAVER,2019-10-01,8792724
MBN,NAVER,2019-11-01,4290128
MBN,NAVER,2019-12-01,6099661
MBN,YOUTUBE,2019-12-01,2425803
MNET,KAKAO,2019-01-01,1319225
MNET,KAKAO,2019-02-01,1721384
MNET,KAKAO,2019-03-01,1043217
MNET,KAKAO,2019-04-01,812860
MNET,KAKAO,2019-05-01,640495
MNET,KAKAO,2019-06-01,450105
MNET,KAKAO,2019-07-01,676439
MNET,KAKAO,2019-08-01,2124847
MNET,KAKAO,2019-09-01,1529231
MNET,KAKAO,2019-10-01,796413
MNET,KAKAO,2019-11-01,741670
MNET,KAKAO,2019-12-01,1013560
MNET,NAVER,2019-01-01,30234546
MNET,NAVER,2019-02-01,28988590
MNET,NAVER,2019-03-01,34790310
MNET,NAVER,2019-04-01,25210816
MNET,NAVER,2019-05-01,42224118
MNET,NAVER,2019-06-01,61547412
MNET,NAVER,2019-07-01,102619511
MNET,NAVER,2019-08-01,34651569
MNET,NAVER,2019-09-01,31383868
MNET,NAVER,2019-10-01,15678672
MNET,NAVER,2019-11-01,13414101
MNET,NAVER,2019-12-01,10228830
MNET,YOUTUBE,2019-12-01,1836273
O’live,KAKAO,2019-01-01,1166368
O’live,KAKAO,2019-02-01,1139368
O’live,KAKAO,2019-03-01,754427
O’live,KAKAO,2019-04-01,730205
O’live,KAKAO,2019-05-01,271649
O’live,KAKAO,2019-06-01,269412
O’live,KAKAO,2019-07-01,124393
O’live,KAKAO,2019-08-01,110184
O’live,KAKAO,2019-09-01,324929
O’live,KAKAO,2019-10-01,755192
O’live,KAKAO,2019-11-01,565050
O’live,KAKAO,2019-12-01,300492
O’live,NAVER,2019-01-01,4160291
O’live,NAVER,2019-02-01,2003647
O’live,NAVER,2019-03-01,2177919
O’live,NAVER,2019-04-01,2606525
O’live,NAVER,2019-05-01,1139680
O’live,NAVER,2019-06-01,760687
O’live,NAVER,2019-07-01,396655
O’live,NAVER,2019-08-01,373453
O’live,NAVER,2019-09-01,575704
O’live,NAVER,2019-10-01,405110
O’live,NAVER,2019-11-01,265033
O’live,NAVER,2019-12-01,392617
O’live,YOUTUBE,2019-12-01,88326
OBS,KAKAO,2019-01-01,443036
OBS,KAKAO,2019-02-01,913210
OBS,KAKAO,2019-03-01,609896
OBS,KAKAO,2019-04-01,499696
OBS,KAKAO,2019-05-01,349993
OBS,KAKAO,2019-06-01,501916
OBS,KAKAO,2019-07-01,309879
OBS,KAKAO,2019-08-01,258285
OBS,KAKAO,2019-09-01,169382
OBS,KAKAO,2019-10-01,317884
OBS,KAKAO,2019-11-01,126283
OBS,KAKAO,2019-12-01,99110
OBS,NAVER,2019-01-01,921657
OBS,NAVER,2019-02-01,606133
OBS,NAVER,2019-03-01,565820
OBS,NAVER,2019-04-01,437080
OBS,NAVER,2019-05-01,339585
OBS,NAVER,2019-06-01,415778
OBS,NAVER,2019-07-01,543557
OBS,NAVER,2019-08-01,648667
OBS,NAVER,2019-09-01,396753
OBS,NAVER,2019-10-01,428110
OBS,NAVER,2019-11-01,379857
OBS,NAVER,2019-12-01,681715
OCN,KAKAO,2019-01-01,235275
OCN,KAKAO,2019-02-01,599313
OCN,KAKAO,2019-03-01,294238
OCN,KAKAO,2019-04-01,273087
OCN,KAKAO,2019-05-01,564619
OCN,KAKAO,2019-06-01,750355
OCN,KAKAO,2019-07-01,528710
OCN,KAKAO,2019-08-01,644559
OCN,KAKAO,2019-09-01,675535
OCN,KAKAO,2019-10-01,313343
OCN,KAKAO,2019-11-01,94859
OCN,KAKAO,2019-12-01,41333
OCN,NAVER,2019-01-01,2791366
OCN,NAVER,2019-02-01,2501979
OCN,NAVER,2019-03-01,2772167
OCN,NAVER,2019-04-01,2930913
OCN,NAVER,2019-05-01,4795478
OCN,NAVER,2019-06-01,7265229
OCN,NAVER,2019-07-01,4266750
OCN,NAVER,2019-08-01,6549248
OCN,NAVER,2019-09-01,6469345
OCN,NAVER,2019-10-01,2456225
OCN,NAVER,2019-11-01,914352
OCN,NAVER,2019-12-01,494015
OCN,YOUTUBE,2019-12-01,578
OGN,KAKAO,2019-01-01,3078
OGN,KAKAO,2019-02-01,2371
OGN,KAKAO,2019-03-01,3799
OGN,KAKAO,2019-04-01,4004
OGN,KAKAO,2019-05-01,3225
OGN,KAKAO,2019-06-01,2354
OGN,KAKAO,2019-07-01,2638
OGN,KAKAO,2019-08-01,2988
OGN,KAKAO,2019-09-01,2269
OGN,KAKAO,2019-10-01,2271
OGN,KAKAO,2019-11-01,1455
OGN,KAKAO,2019-12-01,1798
OGN,NAVER,2019-01-01,47584
OGN,NAVER,2019-02-01,40372
OGN,NAVER,2019-03-01,44630
OGN,NAVER,2019-04-01,46845
OGN,NAVER,2019-05-01,27517
OGN,NAVER,2019-06-01,65213
OGN,NAVER,2019-07-01,35320
OGN,NAVER,2019-08-01,30536
OGN,NAVER,2019-09-01,21868
OGN,NAVER,2019-10-01,18685
OGN,NAVER,2019-11-01,12421
OGN,NAVER,2019-12-01,11760
OGN,YOUTUBE,2019-12-01,118
OGN PLUS,KAKAO,2019-01-01,31
OGN PLUS,KAKAO,2019-02-01,520
OGN PLUS,KAKAO,2019-03-01,115
OGN PLUS,KAKAO,2019-04-01,371
OGN PLUS,KAKAO,2019-05-01,65
OGN PLUS,KAKAO,2019-06-01,61
OGN PLUS,KAKAO,2019-07-01,87
OGN PLUS,KAKAO,2019-08-01,314
OGN PLUS,KAKAO,2019-09-01,202
OGN PLUS,KAKAO,2019-10-01,79
OGN PLUS,KAKAO,2019-11-01,33
OGN PLUS,KAKAO,2019-12-01,59
OGN PLUS,NAVER,2019-01-01,769
OGN PLUS,NAVER,2019-02-01,699
OGN PLUS,NAVER,2019-03-01,325
OGN PLUS,NAVER,2019-04-01,5900
OGN PLUS,NAVER,2019-05-01,339
OGN PLUS,NAVER,2019-06-01,321
OGN PLUS,NAVER,2019-07-01,247
OGN PLUS,NAVER,2019-08-01,210
OGN PLUS,NAVER,2019-09-01,142
OGN PLUS,NAVER,2019-10-01,151
OGN PLUS,NAVER,2019-11-01,231
OGN PLUS,NAVER,2019-12-01,116
OnStyle,KAKAO,2019-01-01,27683
OnStyle,KAKAO,2019-02-01,12126
OnStyle,KAKAO,2019-03-01,16879
OnStyle,KAKAO,2019-04-01,20532
OnStyle,KAKAO,2019-05-01,43261
OnStyle,KAKAO,2019-06-01,70803
OnStyle,KAKAO,2019-07-01,15329
OnStyle,KAKAO,2019-08-01,31056
OnStyle,KAKAO,2019-09-01,6162
OnStyle,KAKAO,2019-10-01,9974
OnStyle,KAKAO,2019-11-01,5125
OnStyle,KAKAO,2019-12-01,4896
OnStyle,NAVER,2019-01-01,208995
OnStyle,NAVER,2019-02-01,197186
OnStyle,NAVER,2019-03-01,200067
OnStyle,NAVER,2019-04-01,256876
OnStyle,NAVER,2019-05-01,191894
OnStyle,NAVER,2019-06-01,187634
OnStyle,NAVER,2019-07-01,152737
OnStyle,NAVER,2019-08-01,133930
OnStyle,NAVER,2019-09-01,163729
OnStyle,NAVER,2019-10-01,117993
OnStyle,NAVER,2019-11-01,115948
OnStyle,NAVER,2019-12-01,128738
OnStyle,YOUTUBE,2019-12-01,4605
OtvN,KAKAO,2019-01-01,621177
OtvN,KAKAO,2019-02-01,382452
OtvN,KAKAO,2019-03-01,1093163
OtvN,KAKAO,2019-04-01,534450
OtvN,KAKAO,2019-05-01,606781
OtvN,KAKAO,2019-06-01,208999
OtvN,KAKAO,2019-07-01,221640
OtvN,KAKAO,2019-08-01,12577
OtvN,KAKAO,2019-09-01,11715
OtvN,KAKAO,2019-10-01,6172
OtvN,KAKAO,2019-11-01,56375
OtvN,KAKAO,2019-12-01,12118
OtvN,NAVER,2019-01-01,214176
OtvN,NAVER,2019-02-01,220942
OtvN,NAVER,2019-03-01,190148
OtvN,NAVER,2019-04-01,111253
OtvN,NAVER,2019-05-01,90381
OtvN,NAVER,2019-06-01,62697
OtvN,NAVER,2019-07-01,65219
OtvN,NAVER,2019-08-01,71550
OtvN,NAVER,2019-09-01,57271
OtvN,NAVER,2019-10-01,42948
OtvN,NAVER,2019-11-01,34265
OtvN,NAVER,2019-12-01,36654
OtvN,YOUTUBE,2019-12-01,178
SBS,KAKAO,2019-01-01,28524374
SBS,KAKAO,2019-02-01,19645279
SBS,KAKAO,2019-03-01,23941927
SBS,KAKAO,2019-04-01,25870739
SBS,KAKAO,2019-05-01,16619064
SBS,KAKAO,2019-06-01,15605700
SBS,KAKAO,2019-07-01,18531121
SBS,KAKAO,2019-08-01,22183146
SBS,KAKAO,2019-09-01,14916333
SBS,KAKAO,2019-10-01,17989229
SBS,KAKAO,2019-11-01,23001888
SBS,KAKAO,2019-12-01,26686856
SBS,NAVER,2019-01-01,133610804
SBS,NAVER,2019-02-01,84150721
SBS,NAVER,2019-03-01,76297956
SBS,NAVER,2019-04-01,66932559
SBS,NAVER,2019-05-01,46874860
SBS,NAVER,2019-06-01,39628585
SBS,NAVER,2019-07-01,42610006
SBS,NAVER,2019-08-01,48644405
SBS,NAVER,2019-09-01,43577270
SBS,NAVER,2019-10-01,40639496
SBS,NAVER,2019-11-01,49830953
SBS,NAVER,2019-12-01,65944749
SBS,YOUTUBE,2019-12-01,14482365
SBS CNBC,KAKAO,2019-01-01,135125
SBS CNBC,KAKAO,2019-02-01,5261
SBS CNBC,KAKAO,2019-03-01,5944
SBS CNBC,KAKAO,2019-04-01,160273
SBS CNBC,KAKAO,2019-05-01,6079
SBS CNBC,KAKAO,2019-06-01,31689
SBS CNBC,KAKAO,2019-07-01,45404
SBS CNBC,KAKAO,2019-08-01,8487
SBS CNBC,KAKAO,2019-09-01,43264
SBS CNBC,KAKAO,2019-10-01,42202
SBS CNBC,KAKAO,2019-11-01,3501
SBS CNBC,KAKAO,2019-12-01,26444
SBS CNBC,NAVER,2019-01-01,413048
SBS CNBC,NAVER,2019-02-01,544240
SBS CNBC,NAVER,2019-03-01,847758
SBS CNBC,NAVER,2019-04-01,443843
SBS CNBC,NAVER,2019-05-01,379928
SBS CNBC,NAVER,2019-06-01,718015
SBS CNBC,NAVER,2019-07-01,640922
SBS CNBC,NAVER,2019-08-01,800042
SBS CNBC,NAVER,2019-09-01,370508
SBS CNBC,NAVER,2019-10-01,282007
SBS CNBC,NAVER,2019-11-01,211936
SBS CNBC,NAVER,2019-12-01,187706
SBS F!L,KAKAO,2019-11-01,5115
SBS F!L,KAKAO,2019-12-01,309
SBS F!L,NAVER,2019-11-01,22639
SBS F!L,NAVER,2019-12-01,6958
SBS funE,KAKAO,2019-01-01,229
SBS funE,KAKAO,2019-02-01,24620
SBS funE,KAKAO,2019-03-01,5949
SBS funE,KAKAO,2019-04-01,5149
SBS funE,KAKAO,2019-05-01,627
SBS funE,KAKAO,2019-06-01,168
SBS funE,KAKAO,2019-07-01,184
SBS funE,KAKAO,2019-08-01,82
SBS funE,KAKAO,2019-09-01,117
SBS funE,KAKAO,2019-10-01,133
SBS funE,KAKAO,2019-11-01,137
SBS funE,KAKAO,2019-12-01,160
SBS funE,NAVER,2019-01-01,6749
SBS funE,NAVER,2019-02-01,11201
SBS funE,NAVER,2019-03-01,12528
SBS funE,NAVER,2019-04-01,3478
SBS funE,NAVER,2019-05-01,2570
SBS funE,NAVER,2019-06-01,2151
SBS funE,NAVER,2019-07-01,2477
SBS funE,NAVER,2019-08-01,1805
SBS funE,NAVER,2019-09-01,1823
SBS funE,NAVER,2019-10-01,1676
SBS funE,NAVER,2019-11-01,1698
SBS funE,NAVER,2019-12-01,2673
SBS Golf,KAKAO,2019-01-01,226096
SBS Golf,KAKAO,2019-02-01,273808
SBS Golf,KAKAO,2019-03-01,240745
SBS Golf,KAKAO,2019-04-01,192361
SBS Golf,KAKAO,2019-05-01,361348
SBS Golf,KAKAO,2019-06-01,193750
SBS Golf,KAKAO,2019-07-01,339780
SBS Golf,KAKAO,2019-08-01,290424
SBS Golf,KAKAO,2019-09-01,152140
SBS Golf,KAKAO,2019-10-01,193313
SBS Golf,KAKAO,2019-11-01,142713
SBS Golf,KAKAO,2019-12-01,190167
SBS Golf,NAVER,2019-01-01,43568
SBS Golf,NAVER,2019-02-01,39956
SBS Golf,NAVER,2019-03-01,41910
SBS Golf,NAVER,2019-04-01,35270
SBS Golf,NAVER,2019-05-01,19299
SBS Golf,NAVER,2019-06-01,14791
SBS Golf,NAVER,2019-07-01,17383
SBS Golf,NAVER,2019-08-01,17269
SBS Golf,NAVER,2019-09-01,23713
SBS Golf,NAVER,2019-10-01,16643
SBS Golf,NAVER,2019-11-01,13766
SBS Golf,NAVER,2019-12-01,11317
SBS MTV,KAKAO,2019-01-01,7933
SBS MTV,KAKAO,2019-02-01,15099
SBS MTV,KAKAO,2019-03-01,35041
SBS MTV,KAKAO,2019-04-01,21777
SBS MTV,KAKAO,2019-05-01,152043
SBS MTV,KAKAO,2019-06-01,24591
SBS MTV,KAKAO,2019-07-01,20689
SBS MTV,KAKAO,2019-08-01,36099
SBS MTV,KAKAO,2019-09-01,76671
SBS MTV,KAKAO,2019-10-01,17948
SBS MTV,KAKAO,2019-11-01,8572
SBS MTV,KAKAO,2019-12-01,22688
SBS MTV,NAVER,2019-01-01,474567
SBS MTV,NAVER,2019-02-01,465576
SBS MTV,NAVER,2019-03-01,1029868
SBS MTV,NAVER,2019-04-01,898877
SBS MTV,NAVER,2019-05-01,1151907
SBS MTV,NAVER,2019-06-01,712509
SBS MTV,NAVER,2019-07-01,1282180
SBS MTV,NAVER,2019-08-01,849467
SBS MTV,NAVER,2019-09-01,801861
SBS MTV,NAVER,2019-10-01,649471
SBS MTV,NAVER,2019-11-01,526988
SBS MTV,NAVER,2019-12-01,1449327
SBS Plus,KAKAO,2019-01-01,313144
SBS Plus,KAKAO,2019-02-01,141771
SBS Plus,KAKAO,2019-03-01,165361
SBS Plus,KAKAO,2019-04-01,75576
SBS Plus,KAKAO,2019-05-01,16766
SBS Plus,KAKAO,2019-06-01,30009
SBS Plus,KAKAO,2019-07-01,21414
SBS Plus,KAKAO,2019-08-01,14537
SBS Plus,KAKAO,2019-09-01,186334
SBS Plus,KAKAO,2019-10-01,431533
SBS Plus,KAKAO,2019-11-01,711968
SBS Plus,KAKAO,2019-12-01,120141
SBS Plus,NAVER,2019-01-01,475151
SBS Plus,NAVER,2019-02-01,216913
SBS Plus,NAVER,2019-03-01,254836
SBS Plus,NAVER,2019-04-01,87848
SBS Plus,NAVER,2019-05-01,43287
SBS Plus,NAVER,2019-06-01,37874
SBS Plus,NAVER,2019-07-01,88094
SBS Plus,NAVER,2019-08-01,87216
SBS Plus,NAVER,2019-09-01,979149
SBS Plus,NAVER,2019-10-01,411879
SBS Plus,NAVER,2019-11-01,521227
SBS Plus,NAVER,2019-12-01,157021
SBS Sports,KAKAO,2019-01-01,1485217
SBS Sports,KAKAO,2019-02-01,4955313
SBS Sports,KAKAO,2019-03-01,3942323
SBS Sports,KAKAO,2019-04-01,142383
SBS Sports,KAKAO,2019-05-01,13235
SBS Sports,KAKAO,2019-06-01,293731
SBS Sports,KAKAO,2019-07-01,126512
SBS Sports,KAKAO,2019-08-01,650777
SBS Sports,KAKAO,2019-09-01,302646
SBS Sports,KAKAO,2019-10-01,3756974
SBS Sports,KAKAO,2019-11-01,2546167
SBS Sports,KAKAO,2019-12-01,1315359
SBS Sports,NAVER,2019-01-01,2307246
SBS Sports,NAVER,2019-02-01,3139190
SBS Sports,NAVER,2019-03-01,398988
SBS Sports,NAVER,2019-04-01,25231
SBS Sports,NAVER,2019-05-01,20991
SBS Sports,NAVER,2019-06-01,13132
SBS Sports,NAVER,2019-07-01,9819
SBS Sports,NAVER,2019-08-01,12324
SBS Sports,NAVER,2019-09-01,12527
SBS Sports,NAVER,2019-10-01,14545
SBS Sports,NAVER,2019-11-01,1581974
SBS Sports,NAVER,2019-12-01,969025
SBS 러브FM,KAKAO,2019-01-01,1712
SBS 러브FM,KAKAO,2019-02-01,664
SBS 러브FM,KAKAO,2019-03-01,577
SBS 러브FM,KAKAO,2019-04-01,463
SBS 러브FM,KAKAO,2019-05-01,180
SBS 러브FM,KAKAO,2019-06-01,126
SBS 러브FM,KAKAO,2019-07-01,272
SBS 러브FM,KAKAO,2019-08-01,106
SBS 러브FM,KAKAO,2019-09-01,110
SBS 러브FM,KAKAO,2019-10-01,335
SBS 러브FM,KAKAO,2019-11-01,87
SBS 러브FM,KAKAO,2019-12-01,114
SBS 러브FM,NAVER,2019-01-01,6201
SBS 러브FM,NAVER,2019-02-01,7951
SBS 러브FM,NAVER,2019-03-01,8929
SBS 러브FM,NAVER,2019-04-01,8686
SBS 러브FM,NAVER,2019-05-01,3511
SBS 러브FM,NAVER,2019-06-01,3062
SBS 러브FM,NAVER,2019-07-01,4837
SBS 러브FM,NAVER,2019-08-01,4118
SBS 러브FM,NAVER,2019-09-01,1802
SBS 러브FM,NAVER,2019-10-01,2986
SBS 러브FM,NAVER,2019-11-01,3953
SBS 러브FM,NAVER,2019-12-01,5540
SBS 파워FM,KAKAO,2019-01-01,1145
SBS 파워FM,KAKAO,2019-02-01,2169
SBS 파워FM,KAKAO,2019-03-01,3068
SBS 파워FM,KAKAO,2019-04-01,4069
SBS 파워FM,KAKAO,2019-05-01,3519
SBS 파워FM,KAKAO,2019-06-01,2963
SBS 파워FM,KAKAO,2019-07-01,3634
SBS 파워FM,KAKAO,2019-08-01,3010
SBS 파워FM,KAKAO,2019-09-01,3289
SBS 파워FM,KAKAO,2019-10-01,2346
SBS 파워FM,KAKAO,2019-11-01,2016
SBS 파워FM,KAKAO,2019-12-01,2063
SBS 파워FM,NAVER,2019-01-01,29019
SBS 파워FM,NAVER,2019-02-01,59052
SBS 파워FM,NAVER,2019-03-01,301493
SBS 파워FM,NAVER,2019-04-01,102646
SBS 파워FM,NAVER,2019-05-01,58355
SBS 파워FM,NAVER,2019-06-01,19489
SBS 파워FM,NAVER,2019-07-01,21182
SBS 파워FM,NAVER,2019-08-01,21783
SBS 파워FM,NAVER,2019-09-01,18588
SBS 파워FM,NAVER,2019-10-01,19427
SBS 파워FM,NAVER,2019-11-01,19993
SBS 파워FM,NAVER,2019-12-01,18950
SUPER ACTION,KAKAO,2019-01-01,39
SUPER ACTION,KAKAO,2019-02-01,37
SUPER ACTION,KAKAO,2019-03-01,19
SUPER ACTION,KAKAO,2019-04-01,34
SUPER ACTION,KAKAO,2019-05-01,52
SUPER ACTION,KAKAO,2019-06-01,42
SUPER ACTION,KAKAO,2019-07-01,72
SUPER ACTION,KAKAO,2019-08-01,288
SUPER ACTION,KAKAO,2019-09-01,192
SUPER ACTION,KAKAO,2019-10-01,66
SUPER ACTION,KAKAO,2019-11-01,16
SUPER ACTION,KAKAO,2019-12-01,97
SUPER ACTION,NAVER,2019-01-01,470
SUPER ACTION,NAVER,2019-02-01,539
SUPER ACTION,NAVER,2019-03-01,337
SUPER ACTION,NAVER,2019-04-01,322
SUPER ACTION,NAVER,2019-05-01,96
SUPER ACTION,NAVER,2019-06-01,61
SUPER ACTION,NAVER,2019-07-01,40
SUPER ACTION,NAVER,2019-08-01,74
SUPER ACTION,NAVER,2019-09-01,63
SUPER ACTION,NAVER,2019-10-01,32
SUPER ACTION,NAVER,2019-11-01,63
SUPER ACTION,NAVER,2019-12-01,76
TV CHOSUN,KAKAO,2019-01-01,6075895
TV CHOSUN,KAKAO,2019-02-01,5127513
TV CHOSUN,KAKAO,2019-03-01,6339698
TV CHOSUN,KAKAO,2019-04-01,7289884
TV CHOSUN,KAKAO,2019-05-01,5140571
TV CHOSUN,KAKAO,2019-06-01,6302573
TV CHOSUN,KAKAO,2019-07-01,9529017
TV CHOSUN,KAKAO,2019-08-01,7541911
TV CHOSUN,KAKAO,2019-09-01,6142054
TV CHOSUN,KAKAO,2019-10-01,6137354
TV CHOSUN,KAKAO,2019-11-01,5607169
TV CHOSUN,KAKAO,2019-12-01,6330233
TV CHOSUN,NAVER,2019-01-01,14143083
TV CHOSUN,NAVER,2019-02-01,12587708
TV CHOSUN,NAVER,2019-03-01,15374834
TV CHOSUN,NAVER,2019-04-01,15914555
TV CHOSUN,NAVER,2019-05-01,10796078
TV CHOSUN,NAVER,2019-06-01,13502791
TV CHOSUN,NAVER,2019-07-01,18773968
TV CHOSUN,NAVER,2019-08-01,16677196
TV CHOSUN,NAVER,2019-09-01,9855136
TV CHOSUN,NAVER,2019-10-01,9746769
TV CHOSUN,NAVER,2019-11-01,10274455
TV CHOSUN,NAVER,2019-12-01,11289079
TV CHOSUN,YOUTUBE,2019-12-01,4053992
TVING LIVE,NAVER,2019-04-01,2120
TVING LIVE,NAVER,2019-05-01,363
tvN,KAKAO,2019-01-01,13695476
tvN,KAKAO,2019-02-01,10402835
tvN,KAKAO,2019-03-01,9358912
tvN,KAKAO,2019-04-01,7565080
tvN,KAKAO,2019-05-01,11546163
tvN,KAKAO,2019-06-01,13548835
tvN,KAKAO,2019-07-01,10205489
tvN,KAKAO,2019-08-01,11254348
tvN,KAKAO,2019-09-01,7753378
tvN,KAKAO,2019-10-01,6177658
tvN,KAKAO,2019-11-01,4241156
tvN,KAKAO,2019-12-01,7572518
tvN,NAVER,2019-01-01,81611316
tvN,NAVER,2019-02-01,61337131
tvN,NAVER,2019-03-01,55183048
tvN,NAVER,2019-04-01,34196980
tvN,NAVER,2019-05-01,53268510
tvN,NAVER,2019-06-01,60033649
tvN,NAVER,2019-07-01,64877542
tvN,NAVER,2019-08-01,59443984
tvN,NAVER,2019-09-01,40771729
tvN,NAVER,2019-10-01,31843849
tvN,NAVER,2019-11-01,23672850
tvN,NAVER,2019-12-01,34152077
tvN,YOUTUBE,2019-12-01,17173522
tvN go,KAKAO,2019-01-01,5934
tvN go,KAKAO,2019-02-01,4032
tvN go,KAKAO,2019-03-01,3625
tvN go,KAKAO,2019-04-01,3908
tvN go,KAKAO,2019-05-01,3925
tvN go,KAKAO,2019-06-01,4084
tvN go,KAKAO,2019-07-01,4069
tvN go,KAKAO,2019-08-01,32174
tvN go,KAKAO,2019-09-01,1633
tvN go,KAKAO,2019-10-01,2691
tvN go,KAKAO,2019-11-01,1434
tvN go,KAKAO,2019-12-01,1692
tvN go,NAVER,2019-01-01,233005
tvN go,NAVER,2019-02-01,153482
tvN go,NAVER,2019-03-01,96177
tvN go,NAVER,2019-04-01,123800
tvN go,NAVER,2019-05-01,165008
tvN go,NAVER,2019-06-01,162194
tvN go,NAVER,2019-07-01,183507
tvN go,NAVER,2019-08-01,100833
tvN go,NAVER,2019-09-01,59798
tvN go,NAVER,2019-10-01,98864
tvN go,NAVER,2019-11-01,83919
tvN go,NAVER,2019-12-01,76025
UXN,KAKAO,2019-01-01,21
UXN,KAKAO,2019-02-01,32
UXN,KAKAO,2019-03-01,107
UXN,KAKAO,2019-04-01,33
UXN,KAKAO,2019-05-01,73
UXN,KAKAO,2019-06-01,5
UXN,KAKAO,2019-07-01,44
UXN,KAKAO,2019-08-01,341
UXN,KAKAO,2019-09-01,194
UXN,KAKAO,2019-10-01,34
UXN,KAKAO,2019-11-01,16
UXN,KAKAO,2019-12-01,91
UXN,NAVER,2019-01-01,73
UXN,NAVER,2019-02-01,137
UXN,NAVER,2019-03-01,129
UXN,NAVER,2019-04-01,104
UXN,NAVER,2019-05-01,45
UXN,NAVER,2019-06-01,16
UXN,NAVER,2019-07-01,36
UXN,NAVER,2019-08-01,68
UXN,NAVER,2019-09-01,92
UXN,NAVER,2019-10-01,925
UXN,NAVER,2019-11-01,122
UXN,NAVER,2019-12-01,165
VOSS,KAKAO,2019-01-01,5438
VOSS,KAKAO,2019-02-01,5150
VOSS,KAKAO,2019-03-01,5757
VOSS,KAKAO,2019-04-01,5925
VOSS,KAKAO,2019-05-01,5376
VOSS,KAKAO,2019-06-01,3433
VOSS,KAKAO,2019-07-01,7265
VOSS,KAKAO,2019-08-01,5237
VOSS,KAKAO,2019-09-01,5433
VOSS,KAKAO,2019-10-01,7517
VOSS,KAKAO,2019-11-01,38032
VOSS,KAKAO,2019-12-01,11683
VOSS,NAVER,2019-01-01,119857
VOSS,NAVER,2019-02-01,109441
VOSS,NAVER,2019-03-01,169709
VOSS,NAVER,2019-04-01,102771
VOSS,NAVER,2019-05-01,81053
VOSS,NAVER,2019-06-01,103655
VOSS,NAVER,2019-07-01,87257
VOSS,NAVER,2019-08-01,44925
VOSS,NAVER,2019-09-01,47278
VOSS,NAVER,2019-10-01,46530
VOSS,NAVER,2019-11-01,87410
VOSS,NAVER,2019-12-01,58985
XtvN,KAKAO,2019-01-01,49359
XtvN,KAKAO,2019-02-01,4918
XtvN,KAKAO,2019-03-01,3368
XtvN,KAKAO,2019-04-01,2861
XtvN,KAKAO,2019-05-01,16354
XtvN,KAKAO,2019-06-01,91669
XtvN,KAKAO,2019-07-01,149247
XtvN,KAKAO,2019-08-01,361953
XtvN,KAKAO,2019-09-01,508989
XtvN,KAKAO,2019-10-01,296894
XtvN,KAKAO,2019-11-01,115390
XtvN,KAKAO,2019-12-01,431481
XtvN,NAVER,2019-01-01,960696
XtvN,NAVER,2019-02-01,370922
XtvN,NAVER,2019-03-01,68847
XtvN,NAVER,2019-04-01,51272
XtvN,NAVER,2019-05-01,42353
XtvN,NAVER,2019-06-01,82051
XtvN,NAVER,2019-07-01,370471
XtvN,NAVER,2019-08-01,592302
XtvN,NAVER,2019-09-01,950283
XtvN,NAVER,2019-10-01,1651180
XtvN,NAVER,2019-11-01,697993
XtvN,NAVER,2019-12-01,157002
XtvN,YOUTUBE,2019-12-01,188649
기타(정보없음),NAVER,2019-04-01,1698
기타(정보없음),NAVER,2019-05-01,362
기타(정보없음),YOUTUBE,2019-12-01,1270264
매거진,KAKAO,2019-01-01,136
매거진,KAKAO,2019-02-01,171
매거진,KAKAO,2019-03-01,164
매거진,KAKAO,2019-04-01,278
매거진,KAKAO,2019-05-01,921
매거진,KAKAO,2019-06-01,1559
매거진,KAKAO,2019-07-01,1489
매거진,KAKAO,2019-08-01,1644
매거진,KAKAO,2019-09-01,1067
매거진,KAKAO,2019-10-01,1812
매거진,KAKAO,2019-11-01,1937
매거진,KAKAO,2019-12-01,2169
매거진,NAVER,2019-01-01,3364
매거진,NAVER,2019-02-01,2235
매거진,NAVER,2019-03-01,1997
매거진,NAVER,2019-04-01,2030
매거진,NAVER,2019-05-01,9075
매거진,NAVER,2019-06-01,970
매거진,NAVER,2019-07-01,1742
매거진,NAVER,2019-08-01,1320
매거진,NAVER,2019-09-01,696
매거진,NAVER,2019-10-01,20160
매거진,NAVER,2019-11-01,2947
매거진,NAVER,2019-12-01,967
바둑TV,NAVER,2019-01-01,62
바둑TV,NAVER,2019-02-01,1
스타일 스튜디오,NAVER,2019-01-01,469
스타일 스튜디오,NAVER,2019-02-01,457
스타일 스튜디오,NAVER,2019-03-01,293
스타일 스튜디오,NAVER,2019-04-01,210
스타일 스튜디오,NAVER,2019-05-01,228
스타일 스튜디오,NAVER,2019-06-01,224
스타일 스튜디오,NAVER,2019-07-01,187
스타일 스튜디오,NAVER,2019-08-01,313
스타일 스튜디오,NAVER,2019-09-01,137
스타일 스튜디오,NAVER,2019-10-01,158
스타일 스튜디오,NAVER,2019-11-01,122
스타일 스튜디오,NAVER,2019-12-01,137
스페셜,KAKAO,2019-01-01,848
스페셜,KAKAO,2019-02-01,762
스페셜,KAKAO,2019-03-01,421095
스페셜,KAKAO,2019-04-01,29010
스페셜,KAKAO,2019-05-01,7548
스페셜,KAKAO,2019-06-01,3394
스페셜,KAKAO,2019-07-01,1808
스페셜,KAKAO,2019-08-01,1284
스페셜,KAKAO,2019-09-01,1303
스페셜,KAKAO,2019-10-01,754
스페셜,KAKAO,2019-11-01,779
스페셜,KAKAO,2019-12-01,811
스페셜,NAVER,2019-01-01,44757
스페셜,NAVER,2019-02-01,33436
스페셜,NAVER,2019-03-01,1966779
스페셜,NAVER,2019-04-01,1084421
스페셜,NAVER,2019-05-01,1095359
스페셜,NAVER,2019-06-01,396042
스페셜,NAVER,2019-07-01,382164
스페셜,NAVER,2019-08-01,96350
스페셜,NAVER,2019-09-01,52136
스페셜,NAVER,2019-10-01,30814
스페셜,NAVER,2019-11-01,19544
스페셜,NAVER,2019-12-01,14007
올림픽(기타),KAKAO,2019-01-01,2
올림픽(기타),KAKAO,2019-03-01,1
올림픽(기타),KAKAO,2019-04-01,1
잼스터,KAKAO,2019-01-01,951
잼스터,KAKAO,2019-02-01,849
잼스터,KAKAO,2019-03-01,1686
잼스터,KAKAO,2019-04-01,1046
잼스터,KAKAO,2019-05-01,1379
잼스터,KAKAO,2019-06-01,685
잼스터,KAKAO,2019-07-01,57317
잼스터,KAKAO,2019-08-01,1526
잼스터,KAKAO,2019-09-01,719
잼스터,KAKAO,2019-10-01,49825
잼스터,KAKAO,2019-11-01,15125
잼스터,KAKAO,2019-12-01,679
잼스터,NAVER,2019-01-01,11606
잼스터,NAVER,2019-02-01,13556
잼스터,NAVER,2019-03-01,19989
잼스터,NAVER,2019-04-01,13738
잼스터,NAVER,2019-05-01,10883
잼스터,NAVER,2019-06-01,11352
잼스터,NAVER,2019-07-01,21101
잼스터,NAVER,2019-08-01,26833
잼스터,NAVER,2019-09-01,16296
잼스터,NAVER,2019-10-01,14552
잼스터,NAVER,2019-11-01,10845
잼스터,NAVER,2019-12-01,7356
중화TV,KAKAO,2019-01-01,459077
중화TV,KAKAO,2019-02-01,365148
중화TV,KAKAO,2019-03-01,366630
중화TV,KAKAO,2019-04-01,571556
중화TV,KAKAO,2019-05-01,299914
중화TV,KAKAO,2019-06-01,183092
중화TV,KAKAO,2019-07-01,155607
중화TV,KAKAO,2019-08-01,277796
중화TV,KAKAO,2019-09-01,319834
중화TV,KAKAO,2019-10-01,280759
중화TV,KAKAO,2019-11-01,236506
중화TV,KAKAO,2019-12-01,160936
중화TV,NAVER,2019-01-01,530476
중화TV,NAVER,2019-02-01,675492
중화TV,NAVER,2019-03-01,948983
중화TV,NAVER,2019-04-01,967070
중화TV,NAVER,2019-05-01,586130
중화TV,NAVER,2019-06-01,737532
중화TV,NAVER,2019-07-01,932751
중화TV,NAVER,2019-08-01,776897
중화TV,NAVER,2019-09-01,803832
중화TV,NAVER,2019-10-01,611964
중화TV,NAVER,2019-11-01,548770
중화TV,NAVER,2019-12-01,551720
중화TV,YOUTUBE,2019-12-01,2480
채널A,KAKAO,2019-01-01,2786724
채널A,KAKAO,2019-02-01,2557125
채널A,KAKAO,2019-03-01,2051967
채널A,KAKAO,2019-04-01,1973072
채널A,KAKAO,2019-05-01,2061755
채널A,KAKAO,2019-06-01,2541802
채널A,KAKAO,2019-07-01,4310345
채널A,KAKAO,2019-08-01,4568182
채널A,KAKAO,2019-09-01,2212661
채널A,KAKAO,2019-10-01,2451987
채널A,KAKAO,2019-11-01,2574443
채널A,KAKAO,2019-12-01,3576324
채널A,NAVER,2019-01-01,4319626
채널A,NAVER,2019-02-01,4073006
채널A,NAVER,2019-03-01,3033826
채널A,NAVER,2019-04-01,2685388
채널A,NAVER,2019-05-01,2836700
채널A,NAVER,2019-06-01,2973233
채널A,NAVER,2019-07-01,5158990
채널A,NAVER,2019-08-01,5748590
채널A,NAVER,2019-09-01,1871833
채널A,NAVER,2019-10-01,2328463
채널A,NAVER,2019-11-01,3613248
채널A,NAVER,2019-12-01,2400680
채널A,YOUTUBE,2019-12-01,1017281
투니버스,KAKAO,2019-01-01,58356
투니버스,KAKAO,2019-02-01,38123
투니버스,KAKAO,2019-03-01,28301
투니버스,KAKAO,2019-04-01,17905
투니버스,KAKAO,2019-05-01,15978
투니버스,KAKAO,2019-06-01,14604
투니버스,KAKAO,2019-07-01,14638
투니버스,KAKAO,2019-08-01,20051
투니버스,KAKAO,2019-09-01,14300
투니버스,KAKAO,2019-10-01,16089
투니버스,KAKAO,2019-11-01,11186
투니버스,KAKAO,2019-12-01,9355
투니버스,NAVER,2019-01-01,1051759
투니버스,NAVER,2019-02-01,784784
투니버스,NAVER,2019-03-01,559036
투니버스,NAVER,2019-04-01,241267
투니버스,NAVER,2019-05-01,125587
투니버스,NAVER,2019-06-01,105638
투니버스,NAVER,2019-07-01,112451
투니버스,NAVER,2019-08-01,117887
투니버스,NAVER,2019-09-01,86712
투니버스,NAVER,2019-10-01,74934
투니버스,NAVER,2019-11-01,56531
투니버스,NAVER,2019-12-01,57280
투니버스,YOUTUBE,2019-12-01,294589
BBC,KAKAO,2020-01-01,332
BBC,KAKAO,2020-02-01,386
BBC,NAVER,2020-01-01,1070
BBC,NAVER,2020-02-01,1522
CATCH ON,NAVER,2020-01-01,1213
CATCH ON,NAVER,2020-02-01,1774
CATCH ON,YOUTUBE,2020-01-01,1518
CATCH ON,YOUTUBE,2020-02-01,1398
chCGV,KAKAO,2020-01-01,1229
chCGV,KAKAO,2020-02-01,779
chCGV,NAVER,2020-01-01,2860
chCGV,NAVER,2020-02-01,4325
CJ E&M PLUS,KAKAO,2020-01-01,843
CJ E&M PLUS,KAKAO,2020-02-01,749
CJ E&M PLUS,NAVER,2020-01-01,5061
CJ E&M PLUS,NAVER,2020-02-01,3628
CJ E&M 웹드라마,KAKAO,2020-01-01,13
CJ E&M 웹드라마,KAKAO,2020-02-01,28
CJ E&M 웹드라마,NAVER,2020-01-01,873
CJ E&M 웹드라마,NAVER,2020-02-01,904
CJ MUSICAL,KAKAO,2020-01-01,1026
CJ MUSICAL,KAKAO,2020-02-01,843
CJ MUSICAL,NAVER,2020-01-01,1208
CJ MUSICAL,NAVER,2020-02-01,901
DIA TV,KAKAO,2020-01-01,820
DIA TV,KAKAO,2020-02-01,761
DIA TV,NAVER,2020-01-01,815
DIA TV,NAVER,2020-02-01,504
eNEWS,KAKAO,2020-01-01,411968
eNEWS,KAKAO,2020-02-01,149807
eNEWS,NAVER,2020-01-01,341755
eNEWS,NAVER,2020-02-01,310772
eNEWS,YOUTUBE,2020-01-01,679611
eNEWS,YOUTUBE,2020-02-01,544730
English Gem,KAKAO,2020-01-01,6
English Gem,KAKAO,2020-02-01,26
English Gem,NAVER,2020-01-01,92
English Gem,NAVER,2020-02-01,99
English Gem,YOUTUBE,2020-01-01,218
English Gem,YOUTUBE,2020-02-01,199
iMBC,KAKAO,2020-01-01,4898
iMBC,KAKAO,2020-02-01,6734
iMBC,NAVER,2020-01-01,238704
iMBC,NAVER,2020-02-01,160240
iMBC Heyo,NAVER,2020-01-01,1
JTBC,KAKAO,2020-01-01,21773907
JTBC,KAKAO,2020-02-01,14639266
JTBC,NAVER,2020-01-01,24467430
JTBC,NAVER,2020-02-01,30529504
JTBC,YOUTUBE,2020-01-01,25506758
JTBC,YOUTUBE,2020-02-01,34390841
JTBC Plus,KAKAO,2020-01-01,791
JTBC Plus,KAKAO,2020-02-01,1049
JTBC Plus,NAVER,2020-01-01,18322
JTBC Plus,NAVER,2020-02-01,6795
JTBC2,KAKAO,2020-01-01,5602
JTBC2,KAKAO,2020-02-01,2558
JTBC2,NAVER,2020-01-01,136928
JTBC2,NAVER,2020-02-01,28508
JTBC2,YOUTUBE,2020-01-01,833
JTBC2,YOUTUBE,2020-02-01,568
JTBC4,KAKAO,2020-01-01,2967
JTBC4,KAKAO,2020-02-01,3137
JTBC4,NAVER,2020-01-01,20204
JTBC4,NAVER,2020-02-01,15526
KBS 1,KAKAO,2020-01-01,1227465
KBS 1,KAKAO,2020-02-01,845098
KBS 1,NAVER,2020-01-01,4346363
KBS 1,NAVER,2020-02-01,3619029
KBS 1,YOUTUBE,2020-01-01,3301464
KBS 1,YOUTUBE,2020-02-01,7176018
KBS 2,KAKAO,2020-01-01,17554402
KBS 2,KAKAO,2020-02-01,14507714
KBS 2,NAVER,2020-01-01,40219434
KBS 2,NAVER,2020-02-01,29478672
KBS 2,YOUTUBE,2020-01-01,62870658
KBS 2,YOUTUBE,2020-02-01,50814387
KBS drama,KAKAO,2020-01-01,527
KBS drama,KAKAO,2020-02-01,622
KBS drama,NAVER,2020-01-01,951
KBS drama,NAVER,2020-02-01,896
KBS joy,KAKAO,2020-01-01,251976
KBS joy,KAKAO,2020-02-01,372733
KBS joy,NAVER,2020-01-01,1001170
KBS joy,NAVER,2020-02-01,948548
KBS prime,KAKAO,2020-01-01,1429
KBS prime,KAKAO,2020-02-01,1380
KBS prime,NAVER,2020-01-01,25868
KBS prime,NAVER,2020-02-01,22921
KBS 스포츠,KAKAO,2020-01-01,16787
KBS 스포츠,KAKAO,2020-02-01,9644
KBS 스포츠,NAVER,2020-01-01,25751
KBS 스포츠,NAVER,2020-02-01,21551
KCON.TV,KAKAO,2020-01-01,842
KCON.TV,KAKAO,2020-02-01,686
KCON.TV,NAVER,2020-01-01,276
KCON.TV,NAVER,2020-02-01,642
KNN1,KAKAO,2020-01-01,980
KNN1,KAKAO,2020-02-01,2915
KNN1,NAVER,2020-01-01,9138
KNN1,NAVER,2020-02-01,7615
KNN2,KAKAO,2020-01-01,197775
KNN2,KAKAO,2020-02-01,17935
KNN2,NAVER,2020-01-01,99735
KNN2,NAVER,2020-02-01,116737
M2,KAKAO,2020-01-01,5307
M2,KAKAO,2020-02-01,10732
M2,NAVER,2020-01-01,168649
M2,NAVER,2020-02-01,205742
MBC,KAKAO,2020-01-01,16269856
MBC,KAKAO,2020-02-01,15210364
MBC,NAVER,2020-01-01,47081257
MBC,NAVER,2020-02-01,33589050
MBC,YOUTUBE,2020-01-01,133733689
MBC,YOUTUBE,2020-02-01,78476142
MBC PLUS,KAKAO,2020-01-01,2758651
MBC PLUS,KAKAO,2020-02-01,5010968
MBC PLUS,NAVER,2020-01-01,4403194
MBC PLUS,NAVER,2020-02-01,6878286
MBC PLUS,YOUTUBE,2020-01-01,11837924
MBC PLUS,YOUTUBE,2020-02-01,17861991
MBC TVPP,KAKAO,2020-01-01,53801
MBC TVPP,KAKAO,2020-02-01,37686
MBC TVPP,NAVER,2020-01-01,525987
MBC TVPP,NAVER,2020-02-01,360083
MBC 스페셜,KAKAO,2020-01-01,3330
MBC 스페셜,KAKAO,2020-02-01,2464
MBC 스페셜,NAVER,2020-01-01,42532
MBC 스페셜,NAVER,2020-02-01,24214
MBN,KAKAO,2020-01-01,5024575
MBN,KAKAO,2020-02-01,2736285
MBN,NAVER,2020-01-01,7063753
MBN,NAVER,2020-02-01,3601354
MBN,YOUTUBE,2020-01-01,14044782
MBN,YOUTUBE,2020-02-01,6938417
MNET,KAKAO,2020-01-01,617991
MNET,KAKAO,2020-02-01,672522
MNET,NAVER,2020-01-01,4030529
MNET,NAVER,2020-02-01,4248882
MNET,YOUTUBE,2020-01-01,1323125
MNET,YOUTUBE,2020-02-01,2996291
O’live,KAKAO,2020-01-01,253600
O’live,KAKAO,2020-02-01,412135
O’live,NAVER,2020-01-01,345166
O’live,NAVER,2020-02-01,281360
O’live,YOUTUBE,2020-01-01,368779
O’live,YOUTUBE,2020-02-01,367218
OBS,KAKAO,2020-01-01,76527
OBS,KAKAO,2020-02-01,57720
OBS,NAVER,2020-01-01,712175
OBS,NAVER,2020-02-01,686157
OCN,KAKAO,2020-01-01,34622
OCN,KAKAO,2020-02-01,218709
OCN,NAVER,2020-01-01,505048
OCN,NAVER,2020-02-01,1922867
OCN,YOUTUBE,2020-01-01,190991
OCN,YOUTUBE,2020-02-01,232216
OGN,KAKAO,2020-01-01,2265
OGN,KAKAO,2020-02-01,1772
OGN,NAVER,2020-01-01,12509
OGN,NAVER,2020-02-01,9557
OGN,YOUTUBE,2020-01-01,379
OGN,YOUTUBE,2020-02-01,70
OGN PLUS,KAKAO,2020-01-01,484
OGN PLUS,KAKAO,2020-02-01,181
OGN PLUS,NAVER,2020-01-01,99
OGN PLUS,NAVER,2020-02-01,175
OnStyle,KAKAO,2020-01-01,5377
OnStyle,KAKAO,2020-02-01,6008
OnStyle,NAVER,2020-01-01,86262
OnStyle,NAVER,2020-02-01,43506
OnStyle,YOUTUBE,2020-01-01,15581
OnStyle,YOUTUBE,2020-02-01,1163
OtvN,KAKAO,2020-01-01,7837
OtvN,KAKAO,2020-02-01,4215
OtvN,NAVER,2020-01-01,63784
OtvN,NAVER,2020-02-01,39324
OtvN,YOUTUBE,2020-01-01,3296
OtvN,YOUTUBE,2020-02-01,1441
SBS,KAKAO,2020-01-01,25736889
SBS,KAKAO,2020-02-01,25360858
SBS,NAVER,2020-01-01,54241410
SBS,NAVER,2020-02-01,48239917
SBS,YOUTUBE,2020-01-01,74696293
SBS,YOUTUBE,2020-02-01,63655264
SBS CNBC,KAKAO,2020-01-01,105289
SBS CNBC,KAKAO,2020-02-01,73691
SBS CNBC,NAVER,2020-01-01,44218
SBS CNBC,NAVER,2020-02-01,17607
SBS F!L,KAKAO,2020-01-01,693
SBS F!L,KAKAO,2020-02-01,3860
SBS F!L,NAVER,2020-01-01,11504
SBS F!L,NAVER,2020-02-01,203183
SBS funE,KAKAO,2020-01-01,120
SBS funE,KAKAO,2020-02-01,138
SBS funE,NAVER,2020-01-01,2653
SBS funE,NAVER,2020-02-01,3003
SBS Golf,KAKAO,2020-01-01,543165
SBS Golf,KAKAO,2020-02-01,210444
SBS Golf,NAVER,2020-01-01,19216
SBS Golf,NAVER,2020-02-01,10326
SBS MTV,KAKAO,2020-01-01,4065
SBS MTV,KAKAO,2020-02-01,10611
SBS MTV,NAVER,2020-01-01,146253
SBS MTV,NAVER,2020-02-01,306674
SBS Plus,KAKAO,2020-01-01,651318
SBS Plus,KAKAO,2020-02-01,1065180
SBS Plus,NAVER,2020-01-01,236277
SBS Plus,NAVER,2020-02-01,472462
SBS Sports,KAKAO,2020-01-01,1935055
SBS Sports,KAKAO,2020-02-01,4842214
SBS Sports,NAVER,2020-01-01,1818440
SBS Sports,NAVER,2020-02-01,2911186
SBS 러브FM,KAKAO,2020-01-01,103
SBS 러브FM,KAKAO,2020-02-01,255
SBS 러브FM,NAVER,2020-01-01,2328
SBS 러브FM,NAVER,2020-02-01,1340
SBS 파워FM,KAKAO,2020-01-01,3138
SBS 파워FM,KAKAO,2020-02-01,2734
SBS 파워FM,NAVER,2020-01-01,22812
SBS 파워FM,NAVER,2020-02-01,10737
SUPER ACTION,KAKAO,2020-01-01,673
SUPER ACTION,KAKAO,2020-02-01,139
SUPER ACTION,NAVER,2020-01-01,93
SUPER ACTION,NAVER,2020-02-01,33
TV CHOSUN,KAKAO,2020-01-01,17648805
TV CHOSUN,KAKAO,2020-02-01,17078274
TV CHOSUN,NAVER,2020-01-01,31242606
TV CHOSUN,NAVER,2020-02-01,32819575
TV CHOSUN,YOUTUBE,2020-01-01,40872555
TV CHOSUN,YOUTUBE,2020-02-01,36689466
tvN,KAKAO,2020-01-01,12529341
tvN,KAKAO,2020-02-01,16737897
tvN,NAVER,2020-01-01,56045187
tvN,NAVER,2020-02-01,65656639
tvN,YOUTUBE,2020-01-01,50265821
tvN,YOUTUBE,2020-02-01,39830911
tvN go,KAKAO,2020-01-01,2791
tvN go,KAKAO,2020-02-01,1657
tvN go,NAVER,2020-01-01,70052
tvN go,NAVER,2020-02-01,30137
UXN,KAKAO,2020-01-01,689
UXN,KAKAO,2020-02-01,612
UXN,NAVER,2020-01-01,85
UXN,NAVER,2020-02-01,48
VOSS,KAKAO,2020-01-01,8292
VOSS,KAKAO,2020-02-01,10136
VOSS,NAVER,2020-01-01,53193
VOSS,NAVER,2020-02-01,47276
XtvN,KAKAO,2020-01-01,134016
XtvN,KAKAO,2020-02-01,102153
XtvN,NAVER,2020-01-01,173261
XtvN,NAVER,2020-02-01,761289
XtvN,YOUTUBE,2020-01-01,45558
XtvN,YOUTUBE,2020-02-01,6344089
기타(정보없음),YOUTUBE,2020-01-01,4952268
기타(정보없음),YOUTUBE,2020-02-01,5302373
매거진,KAKAO,2020-01-01,1819
매거진,KAKAO,2020-02-01,927
매거진,NAVER,2020-01-01,10838
매거진,NAVER,2020-02-01,10994
스타일 스튜디오,NAVER,2020-01-01,208
스타일 스튜디오,NAVER,2020-02-01,190
스페셜,KAKAO,2020-01-01,1712
스페셜,KAKAO,2020-02-01,1997
스페셜,NAVER,2020-01-01,13848
스페셜,NAVER,2020-02-01,9624
스페셜,YOUTUBE,2020-02-01,297400
잼스터,KAKAO,2020-01-01,1196
잼스터,KAKAO,2020-02-01,1143
잼스터,NAVER,2020-01-01,9398
잼스터,NAVER,2020-02-01,6719
중화TV,KAKAO,2020-01-01,85288
중화TV,KAKAO,2020-02-01,164114
중화TV,NAVER,2020-01-01,582931
중화TV,NAVER,2020-02-01,696335
중화TV,YOUTUBE,2020-01-01,5981
중화TV,YOUTUBE,2020-02-01,5147
채널A,KAKAO,2020-01-01,3903903
채널A,KAKAO,2020-02-01,4029511
채널A,NAVER,2020-01-01,4194875
채널A,NAVER,2020-02-01,3389338
채널A,YOUTUBE,2020-01-01,13503358
채널A,YOUTUBE,2020-02-01,18272103
투니버스,KAKAO,2020-01-01,13918
투니버스,KAKAO,2020-02-01,12553
투니버스,NAVER,2020-01-01,75187
투니버스,NAVER,2020-02-01,57551
투니버스,YOUTUBE,2020-01-01,1221621
투니버스,YOUTUBE,2020-02-01,850234
